RedFighter,BlueFighter,RedFighter_KD,BlueFighter_KD,RedFighter_STR,BlueFighter_STR,RedFighter_TD,BlueFighter_TD,RedFighter_SUB,BlueFighter_SUB,Event,Date,Location,WL,Winner,Victory_Result,Victory_Method,Round,Time,Weight_Class,Title,Fight_Bonus,Perf_Bonus,Sub_Bonus,KO_Bonus
Tom Aspinall,Ciryl Gane,0,0,27,30,0,0,0,0,UFC 321: Aspinall vs. Gane,"October 25, 2025","Abu Dhabi, Abu Dhabi, United Arab Emirates",NCNC,Tom Aspinall,CNC,CNC,1,4:35,Heavyweight,1.0,0.0,0.0,0.0,0.0
Virna Jandiroba,Mackenzie Dern,0,0,106,118,9,2,0,0,UFC 321: Aspinall vs. Gane,"October 25, 2025","Abu Dhabi, Abu Dhabi, United Arab Emirates",WIN,Mackenzie Dern,U-DEC,U-DEC,5,5:00,Women's Strawweight,1.0,0.0,0.0,0.0,0.0
Mario Bautista,Umar Nurmagomedov,1,0,20,32,0,11,1,0,UFC 321: Aspinall vs. Gane,"October 25, 2025","Abu Dhabi, Abu Dhabi, United Arab Emirates",WIN,Umar Nurmagomedov,U-DEC,U-DEC,3,5:00,Bantamweight,0.0,0.0,0.0,0.0,0.0
Alexander Volkov,Jailton Almeida,0,0,24,9,0,7,0,0,UFC 321: Aspinall vs. Gane,"October 25, 2025","Abu Dhabi, Abu Dhabi, United Arab Emirates",WIN,Alexander Volkov,S-DEC,S-DEC,3,5:00,Heavyweight,0.0,0.0,0.0,0.0,0.0
Azamat Murzakanov,Aleksandar Rakic,1,0,3,9,0,0,0,0,UFC 321: Aspinall vs. Gane,"October 25, 2025","Abu Dhabi, Abu Dhabi, United Arab Emirates",WIN,Azamat Murzakanov,KO/TKOPunch,KO/TKOPunch,1,3:11,Light Heavyweight,0.0,0.0,0.0,0.0,0.0
Nasrat Haqparast,Quillan Salkilld,0,1,10,14,0,0,0,0,UFC 321: Aspinall vs. Gane,"October 25, 2025","Abu Dhabi, Abu Dhabi, United Arab Emirates",WIN,Quillan Salkilld,KO/TKOKick,KO/TKOKick,1,2:30,Lightweight,0.0,0.0,1.0,0.0,0.0
Ikram Aliskerov,JunYong Park,0,0,91,78,5,0,0,0,UFC 321: Aspinall vs. Gane,"October 25, 2025","Abu Dhabi, Abu Dhabi, United Arab Emirates",WIN,Ikram Aliskerov,U-DEC,U-DEC,3,5:00,Middleweight,0.0,0.0,0.0,0.0,0.0
Ludovit Klein,Mateusz Rebecki,0,0,82,72,0,3,0,0,UFC 321: Aspinall vs. Gane,"October 25, 2025","Abu Dhabi, Abu Dhabi, United Arab Emirates",WIN,Ludovit Klein,M-DEC,M-DEC,3,5:00,Lightweight,0.0,1.0,0.0,0.0,0.0
Valter Walker,Louie Sutherland,0,0,5,3,1,0,1,0,UFC 321: Aspinall vs. Gane,"October 25, 2025","Abu Dhabi, Abu Dhabi, United Arab Emirates",WIN,Valter Walker,SUBHeel,SUBHeel Hook,1,1:24,Heavyweight,0.0,0.0,1.0,0.0,0.0
Nathaniel Wood,Jose Delgado,1,1,99,134,2,0,0,0,UFC 321: Aspinall vs. Gane,"October 25, 2025","Abu Dhabi, Abu Dhabi, United Arab Emirates",WIN,Nathaniel Wood,U-DEC,U-DEC,3,5:00,Featherweight,0.0,0.0,0.0,0.0,0.0
Hamdy Abdelwahab,Chris Barnett,0,0,99,18,9,0,0,0,UFC 321: Aspinall vs. Gane,"October 25, 2025","Abu Dhabi, Abu Dhabi, United Arab Emirates",WIN,Hamdy Abdelwahab,U-DEC,U-DEC,3,5:00,Heavyweight,0.0,0.0,0.0,0.0,0.0
Azat Maksum,Mitch Raposo,0,0,19,30,7,0,0,0,UFC 321: Aspinall vs. Gane,"October 25, 2025","Abu Dhabi, Abu Dhabi, United Arab Emirates",WIN,Mitch Raposo,U-DEC,U-DEC,3,5:00,Flyweight,0.0,0.0,0.0,0.0,0.0
Jaqueline Amorim,Mizuki,0,1,26,62,2,2,1,0,UFC 321: Aspinall vs. Gane,"October 25, 2025","Abu Dhabi, Abu Dhabi, United Arab Emirates",WIN,Mizuki,U-DEC,U-DEC,3,5:00,Women's Strawweight,0.0,0.0,0.0,0.0,0.0
Reinier de Ridder,Brendan Allen,0,0,9,22,3,1,1,1,UFC Fight Night: De Ridder vs. Allen,"October 18, 2025","Vancouver, British Columbia, Canada",WIN,Brendan Allen,KO/TKO,KO/TKO,4,5:00,Middleweight,0.0,0.0,0.0,0.0,0.0
Kevin Holland,Mike Malott,0,0,52,49,1,1,0,1,UFC Fight Night: De Ridder vs. Allen,"October 18, 2025","Vancouver, British Columbia, Canada",WIN,Mike Malott,U-DEC,U-DEC,3,5:00,Welterweight,0.0,0.0,0.0,0.0,0.0
Marlon Vera,Aiemann Zahabi,1,0,56,81,0,0,0,0,UFC Fight Night: De Ridder vs. Allen,"October 18, 2025","Vancouver, British Columbia, Canada",WIN,Aiemann Zahabi,S-DEC,S-DEC,3,5:00,Bantamweight,0.0,0.0,0.0,0.0,0.0
Manon Fiorot,Jasmine Jasudavicius,0,0,16,2,0,0,0,0,UFC Fight Night: De Ridder vs. Allen,"October 18, 2025","Vancouver, British Columbia, Canada",WIN,Manon Fiorot,KO/TKOPunches,KO/TKOPunches,1,1:14,Women's Flyweight,0.0,0.0,0.0,0.0,0.0
Davey Grant,Charles Jourdain,0,1,9,25,0,0,0,1,UFC Fight Night: De Ridder vs. Allen,"October 18, 2025","Vancouver, British Columbia, Canada",WIN,Charles Jourdain,SUBGuillotine,SUBGuillotine Choke,1,3:05,Bantamweight,0.0,0.0,1.0,0.0,0.0
Kyle Nelson,Matt Frevola,1,0,63,43,2,2,0,0,UFC Fight Night: De Ridder vs. Allen,"October 18, 2025","Vancouver, British Columbia, Canada",WIN,Kyle Nelson,U-DEC,U-DEC,3,5:00,Lightweight,0.0,0.0,0.0,0.0,0.0
Kyle Prepolec,Drew Dober,0,0,51,83,0,0,0,0,UFC Fight Night: De Ridder vs. Allen,"October 18, 2025","Vancouver, British Columbia, Canada",WIN,Drew Dober,KO/TKOPunches,KO/TKOPunches,3,1:16,Lightweight,0.0,1.0,0.0,0.0,0.0
Aoriqileng,Cody Gibson,1,0,5,3,0,0,0,0,UFC Fight Night: De Ridder vs. Allen,"October 18, 2025","Vancouver, British Columbia, Canada",WIN,Aoriqileng,KO/TKOPunch,KO/TKOPunch,1,0:21,Bantamweight,0.0,0.0,1.0,0.0,0.0
Bruno Silva,HyunSung Park,1,0,46,31,5,1,1,0,UFC Fight Night: De Ridder vs. Allen,"October 18, 2025","Vancouver, British Columbia, Canada",WIN,Bruno Silva,SUBRear,SUBRear Naked Choke,3,2:15,Flyweight,0.0,0.0,0.0,0.0,0.0
Danny Barlow,Djorden Santos,0,0,93,99,0,0,0,0,UFC Fight Night: De Ridder vs. Allen,"October 18, 2025","Vancouver, British Columbia, Canada",WIN,Djorden Santos,U-DEC,U-DEC,3,5:00,Middleweight,0.0,0.0,0.0,0.0,0.0
Ravena Oliveira,Stephanie Luciano,0,0,24,60,0,3,0,1,UFC Fight Night: De Ridder vs. Allen,"October 18, 2025","Vancouver, British Columbia, Canada",WIN,Stephanie Luciano,SUBRear,SUBRear Naked Choke,3,2:50,Women's Strawweight,0.0,0.0,0.0,0.0,0.0
Azamat Bekoev,Yousri Belgaroui,0,0,24,102,4,1,0,0,UFC Fight Night: De Ridder vs. Allen,"October 18, 2025","Vancouver, British Columbia, Canada",WIN,Yousri Belgaroui,KO/TKOPunches,KO/TKOPunches,3,0:55,Middleweight,0.0,0.0,0.0,0.0,0.0
Tainara Lisboa,Melissa Croden,0,1,42,99,2,2,0,0,UFC Fight Night: De Ridder vs. Allen,"October 18, 2025","Vancouver, British Columbia, Canada",WIN,Melissa Croden,KO/TKOPunches,KO/TKOPunches,3,4:32,Women's Bantamweight,0.0,0.0,0.0,0.0,0.0
Charles Oliveira,Mateusz Gamrot,0,0,11,18,1,1,1,0,UFC Fight Night: Oliveira vs. Gamrot,"October 11, 2025","Rio de Janeiro, Rio de Janeiro, Brazil",WIN,Charles Oliveira,SUBRear,SUBRear Naked Choke,2,2:48,Lightweight,0.0,0.0,1.0,0.0,0.0
Deiveson Figueiredo,Montel Jackson,0,0,23,30,2,1,0,0,UFC Fight Night: Oliveira vs. Gamrot,"October 11, 2025","Rio de Janeiro, Rio de Janeiro, Brazil",WIN,Deiveson Figueiredo,S-DEC,S-DEC,3,5:00,Bantamweight,0.0,0.0,0.0,0.0,0.0
Vicente Luque,Joel Alvarez,0,0,30,89,0,1,0,1,UFC Fight Night: Oliveira vs. Gamrot,"October 11, 2025","Rio de Janeiro, Rio de Janeiro, Brazil",WIN,Joel Alvarez,U-DEC,U-DEC,3,5:00,Welterweight,0.0,0.0,0.0,0.0,0.0
Mario Pinto,Jhonata Diniz,0,0,29,1,3,0,2,0,UFC Fight Night: Oliveira vs. Gamrot,"October 11, 2025","Rio de Janeiro, Rio de Janeiro, Brazil",WIN,Mario Pinto,KO/TKOPunches,KO/TKOPunches,2,4:10,Heavyweight,0.0,0.0,0.0,0.0,0.0
Ricardo Ramos,Kaan Ofli,0,0,1,1,0,1,3,1,UFC Fight Night: Oliveira vs. Gamrot,"October 11, 2025","Rio de Janeiro, Rio de Janeiro, Brazil",WIN,Kaan Ofli,SUBRear,SUBRear Naked Choke,1,3:02,Featherweight,0.0,0.0,0.0,0.0,0.0
Michael Aswell Jr.,Lucas Almeida,2,0,30,9,0,0,0,0,UFC Fight Night: Oliveira vs. Gamrot,"October 11, 2025","Rio de Janeiro, Rio de Janeiro, Brazil",WIN,Michael Aswell Jr.,KO/TKOPunches,KO/TKOPunches,1,1:42,Featherweight,0.0,0.0,0.0,0.0,0.0
Clayton Carpenter,Jafel Filho,0,0,7,5,0,1,0,1,UFC Fight Night: Oliveira vs. Gamrot,"October 11, 2025","Rio de Janeiro, Rio de Janeiro, Brazil",WIN,Jafel Filho,SUBKimura,SUBKimura,1,4:42,Flyweight,0.0,0.0,0.0,0.0,0.0
Vitor Petrino,Thomas Petersen,2,0,31,16,1,0,0,0,UFC Fight Night: Oliveira vs. Gamrot,"October 11, 2025","Rio de Janeiro, Rio de Janeiro, Brazil",WIN,Vitor Petrino,KO/TKOPunch,KO/TKOPunch,3,0:26,Heavyweight,0.0,0.0,1.0,0.0,0.0
Irina Alekseeva,Bia Mesquita,0,0,6,36,0,2,0,1,UFC Fight Night: Oliveira vs. Gamrot,"October 11, 2025","Rio de Janeiro, Rio de Janeiro, Brazil",WIN,Bia Mesquita,SUBRear,SUBRear Naked Choke,2,2:14,Women's Bantamweight,0.0,0.0,1.0,0.0,0.0
Stewart Nicoll,Lucas Rocha,0,0,45,115,2,3,0,0,UFC Fight Night: Oliveira vs. Gamrot,"October 11, 2025","Rio de Janeiro, Rio de Janeiro, Brazil",WIN,Lucas Rocha,U-DEC,U-DEC,3,5:00,Flyweight,0.0,0.0,0.0,0.0,0.0
Karolina Kowalkiewicz,Julia Polastri,0,0,72,137,1,0,0,0,UFC Fight Night: Oliveira vs. Gamrot,"October 11, 2025","Rio de Janeiro, Rio de Janeiro, Brazil",WIN,Julia Polastri,KO/TKOPunches,KO/TKOPunches,3,2:56,Women's Strawweight,0.0,0.0,1.0,0.0,0.0
Saimon Oliveira,Luan Lacerda,0,0,21,24,1,3,0,1,UFC Fight Night: Oliveira vs. Gamrot,"October 11, 2025","Rio de Janeiro, Rio de Janeiro, Brazil",WIN,Luan Lacerda,SUBArmbar,SUBArmbar,2,3:55,Bantamweight,0.0,0.0,0.0,0.0,0.0
Alex Pereira,Magomed Ankalaev,0,0,28,4,0,0,0,0,UFC 320: Ankalaev vs. Pereira 2,"October 04, 2025","Las Vegas, Nevada, USA",WIN,Alex Pereira,KO/TKOElbows,KO/TKOElbows,1,1:20,Light Heavyweight,1.0,0.0,1.0,0.0,0.0
Cory Sandhagen,Merab Dvalishvili,0,0,80,114,0,20,0,0,UFC 320: Ankalaev vs. Pereira 2,"October 04, 2025","Las Vegas, Nevada, USA",WIN,Merab Dvalishvili,U-DEC,U-DEC,5,5:00,Bantamweight,1.0,0.0,0.0,0.0,0.0
Khalil Rountree Jr.,Jiri Prochazka,0,1,66,71,0,0,0,0,UFC 320: Ankalaev vs. Pereira 2,"October 04, 2025","Las Vegas, Nevada, USA",WIN,Jiri Prochazka,KO/TKOPunches,KO/TKOPunches,3,3:04,Light Heavyweight,0.0,0.0,1.0,0.0,0.0
Youssef Zalal,Josh Emmett,0,0,0,0,1,0,1,0,UFC 320: Ankalaev vs. Pereira 2,"October 04, 2025","Las Vegas, Nevada, USA",WIN,Youssef Zalal,SUBArmbar,SUBArmbar,1,1:38,Featherweight,0.0,0.0,0.0,0.0,0.0
Abus Magomedov,Joe Pyfer,0,1,11,6,1,0,1,2,UFC 320: Ankalaev vs. Pereira 2,"October 04, 2025","Las Vegas, Nevada, USA",WIN,Joe Pyfer,SUBRear,SUBRear Naked Choke,2,1:46,Middleweight,0.0,0.0,1.0,0.0,0.0
Ateba Gautier,Tre'ston Vines,1,0,6,0,1,0,0,0,UFC 320: Ankalaev vs. Pereira 2,"October 04, 2025","Las Vegas, Nevada, USA",WIN,Ateba Gautier,KO/TKOPunches,KO/TKOPunches,1,1:41,Middleweight,0.0,0.0,0.0,0.0,0.0
JooSang Yoo,Daniel Santos,0,1,31,27,0,1,0,0,UFC 320: Ankalaev vs. Pereira 2,"October 04, 2025","Las Vegas, Nevada, USA",WIN,Daniel Santos,KO/TKOPunch,KO/TKOPunch,2,0:21,Catch Weight,0.0,0.0,0.0,0.0,0.0
Jakub Wiklacz,Patchy Mix,0,0,46,37,0,5,3,0,UFC 320: Ankalaev vs. Pereira 2,"October 04, 2025","Las Vegas, Nevada, USA",WIN,Jakub Wiklacz,S-DEC,S-DEC,3,5:00,Bantamweight,0.0,0.0,0.0,0.0,0.0
Andre Muniz,Edmen Shahbazyan,0,1,15,25,1,0,0,0,UFC 320: Ankalaev vs. Pereira 2,"October 04, 2025","Las Vegas, Nevada, USA",WIN,Edmen Shahbazyan,KO/TKOElbows,KO/TKOElbows,1,4:58,Middleweight,0.0,0.0,0.0,0.0,0.0
Nikolay Veretennikov,Punahele Soriano,0,0,9,39,0,4,2,1,UFC 320: Ankalaev vs. Pereira 2,"October 04, 2025","Las Vegas, Nevada, USA",WIN,Punahele Soriano,U-DEC,U-DEC,3,5:00,Welterweight,0.0,0.0,0.0,0.0,0.0
Yana Santos,Macy Chiasson,0,0,65,54,0,2,0,1,UFC 320: Ankalaev vs. Pereira 2,"October 04, 2025","Las Vegas, Nevada, USA",WIN,Yana Santos,U-DEC,U-DEC,3,5:00,Women's Bantamweight,0.0,0.0,0.0,0.0,0.0
Chris Gutierrez,Farid Basharat,0,0,31,41,1,2,0,0,UFC 320: Ankalaev vs. Pereira 2,"October 04, 2025","Las Vegas, Nevada, USA",WIN,Farid Basharat,U-DEC,U-DEC,3,5:00,Bantamweight,0.0,0.0,0.0,0.0,0.0
Austin Vanderford,Ramiz Brahimaj,0,0,5,21,3,0,0,2,UFC 320: Ankalaev vs. Pereira 2,"October 04, 2025","Las Vegas, Nevada, USA",WIN,Ramiz Brahimaj,SUBGuillotine,SUBGuillotine Choke,2,2:24,Welterweight,0.0,0.0,0.0,0.0,0.0
Brogan Walker,Veronica Hardy,0,1,22,39,3,0,0,1,UFC 320: Ankalaev vs. Pereira 2,"October 04, 2025","Las Vegas, Nevada, USA",WIN,Veronica Hardy,U-DEC,U-DEC,3,5:00,Women's Flyweight,0.0,0.0,0.0,0.0,0.0
Dominick Reyes,Carlos Ulberg,0,1,5,11,0,0,0,0,UFC Fight Night: Ulberg vs. Reyes,"September 27, 2025","Perth, Western Australia, Australia",WIN,Carlos Ulberg,KO/TKOPunches,KO/TKOPunches,1,4:27,Light Heavyweight,0.0,0.0,1.0,0.0,0.0
Jimmy Crute,Ivan Erslan,0,0,12,10,2,0,1,0,UFC Fight Night: Ulberg vs. Reyes,"September 27, 2025","Perth, Western Australia, Australia",WIN,Jimmy Crute,SUBRear,SUBRear Naked Choke,1,3:19,Light Heavyweight,0.0,0.0,1.0,0.0,0.0
Ramon Taveras,Jack Jenkins,0,0,43,65,0,3,0,1,UFC Fight Night: Ulberg vs. Reyes,"September 27, 2025","Perth, Western Australia, Australia",WIN,Jack Jenkins,U-DEC,U-DEC,3,5:00,Featherweight,0.0,0.0,0.0,0.0,0.0
Neil Magny,Jake Matthews,0,0,31,18,3,0,1,3,UFC Fight Night: Ulberg vs. Reyes,"September 27, 2025","Perth, Western Australia, Australia",WIN,Neil Magny,SUBD'Arce,SUBD'Arce Choke,3,3:08,Welterweight,0.0,0.0,0.0,0.0,0.0
Tom Nolan,Charlie Campbell,0,0,26,15,1,0,1,0,UFC Fight Night: Ulberg vs. Reyes,"September 27, 2025","Perth, Western Australia, Australia",WIN,Tom Nolan,SUBRear,SUBRear Naked Choke,1,4:08,Lightweight,0.0,0.0,1.0,0.0,0.0
Navajo Stirling,Rodolfo Bellato,0,0,81,43,1,2,0,0,UFC Fight Night: Ulberg vs. Reyes,"September 27, 2025","Perth, Western Australia, Australia",WIN,Navajo Stirling,U-DEC,U-DEC,3,5:00,Light Heavyweight,0.0,0.0,0.0,0.0,0.0
Andre Petroski,Cam Rowston,0,1,7,12,0,0,0,0,UFC Fight Night: Ulberg vs. Reyes,"September 27, 2025","Perth, Western Australia, Australia",WIN,Cam Rowston,KO/TKOPunches,KO/TKOPunches,1,2:41,Middleweight,0.0,0.0,0.0,0.0,0.0
Jamie Mullarkey,Rolando Bedoya,0,0,43,46,3,0,0,1,UFC Fight Night: Ulberg vs. Reyes,"September 27, 2025","Perth, Western Australia, Australia",WIN,Jamie Mullarkey,U-DEC,U-DEC,3,5:00,Lightweight,0.0,0.0,0.0,0.0,0.0
Colby Thicknesse,Josias Musasa,0,0,62,43,2,1,1,0,UFC Fight Night: Ulberg vs. Reyes,"September 27, 2025","Perth, Western Australia, Australia",WIN,Colby Thicknesse,U-DEC,U-DEC,3,5:00,Bantamweight,0.0,0.0,0.0,0.0,0.0
Michelle Montague,Luana Carolina,0,0,41,48,5,0,0,1,UFC Fight Night: Ulberg vs. Reyes,"September 27, 2025","Perth, Western Australia, Australia",WIN,Michelle Montague,U-DEC,U-DEC,3,5:00,Women's Bantamweight,0.0,0.0,0.0,0.0,0.0
Brando Pericic,Elisha Ellison,0,0,29,3,0,0,0,0,UFC Fight Night: Ulberg vs. Reyes,"September 27, 2025","Perth, Western Australia, Australia",WIN,Brando Pericic,KO/TKOPunches,KO/TKOPunches,1,1:55,Heavyweight,0.0,0.0,1.0,0.0,0.0
Loma Lookboonmee,Alexia Thainara,0,0,30,44,0,5,0,1,UFC Fight Night: Ulberg vs. Reyes,"September 27, 2025","Perth, Western Australia, Australia",WIN,Alexia Thainara,U-DEC,U-DEC,3,5:00,Women's Strawweight,0.0,0.0,0.0,0.0,0.0
Jean Silva,Diego Lopes,0,1,43,74,0,3,0,0,UFC Fight Night: Lopes vs. Silva,"September 13, 2025","San Antonio, Texas, USA",WIN,Diego Lopes,KO/TKOPunches,KO/TKOPunches,2,4:48,Featherweight,0.0,1.0,1.0,0.0,0.0
Rob Font,David Martinez,0,0,49,62,0,0,0,0,UFC Fight Night: Lopes vs. Silva,"September 13, 2025","San Antonio, Texas, USA",WIN,David Martinez,U-DEC,U-DEC,3,5:00,Bantamweight,0.0,0.0,0.0,0.0,0.0
Jared Gordon,Rafa Garcia,0,1,65,91,1,2,0,2,UFC Fight Night: Lopes vs. Silva,"September 13, 2025","San Antonio, Texas, USA",WIN,Rafa Garcia,KO/TKOElbows,KO/TKOElbows,3,2:27,Lightweight,0.0,0.0,0.0,0.0,0.0
Dustin Stoltzfus,Kelvin Gastelum,0,1,64,57,1,0,0,0,UFC Fight Night: Lopes vs. Silva,"September 13, 2025","San Antonio, Texas, USA",WIN,Kelvin Gastelum,U-DEC,U-DEC,3,5:00,Middleweight,0.0,0.0,0.0,0.0,0.0
Diego Ferreira,Alexander Hernandez,0,1,23,30,0,0,0,0,UFC Fight Night: Lopes vs. Silva,"September 13, 2025","San Antonio, Texas, USA",WIN,Alexander Hernandez,KO/TKOPunches,KO/TKOPunches,2,3:46,Lightweight,0.0,0.0,0.0,0.0,0.0
Quang Le,Santiago Luna,0,2,12,15,0,0,0,0,UFC Fight Night: Lopes vs. Silva,"September 13, 2025","San Antonio, Texas, USA",WIN,Santiago Luna,KO/TKOPunch,KO/TKOPunch,1,2:48,Bantamweight,0.0,0.0,1.0,0.0,0.0
Dusko Todorovic,Jose Daniel Medina,0,0,16,9,2,0,1,0,UFC Fight Night: Lopes vs. Silva,"September 13, 2025","San Antonio, Texas, USA",WIN,Dusko Todorovic,SUBRear,SUBRear Naked Choke,1,4:21,Middleweight,0.0,0.0,0.0,0.0,0.0
Claudio Puelles,Joaquim Silva,0,1,21,25,4,0,0,1,UFC Fight Night: Lopes vs. Silva,"September 13, 2025","San Antonio, Texas, USA",WIN,Joaquim Silva,S-DEC,S-DEC,3,5:00,Lightweight,0.0,0.0,0.0,0.0,0.0
Tatiana Suarez,Amanda Lemos,0,0,20,23,3,0,0,1,UFC Fight Night: Lopes vs. Silva,"September 13, 2025","San Antonio, Texas, USA",WIN,Tatiana Suarez,U-DEC,U-DEC,3,5:00,Women's Strawweight,0.0,0.0,0.0,0.0,0.0
Luis Gurule,Jesus Aguilar,0,0,65,85,0,1,0,0,UFC Fight Night: Lopes vs. Silva,"September 13, 2025","San Antonio, Texas, USA",WIN,Jesus Aguilar,U-DEC,U-DEC,3,5:00,Flyweight,0.0,0.0,0.0,0.0,0.0
Sedriques Dumas,Zachary Reese,0,0,3,2,0,0,0,0,UFC Fight Night: Lopes vs. Silva,"September 13, 2025","San Antonio, Texas, USA",NCNC,Zachary Reese,CNC,CNC,1,0:51,Middleweight,0.0,0.0,0.0,0.0,0.0
Alessandro Costa,Alden Coria,0,0,12,42,1,2,2,0,UFC Fight Night: Lopes vs. Silva,"September 13, 2025","San Antonio, Texas, USA",WIN,Alden Coria,KO/TKOPunches,KO/TKOPunches,3,0:47,Flyweight,0.0,0.0,0.0,0.0,0.0
Alice Pereira,Montse Rendon,0,0,37,45,0,0,0,1,UFC Fight Night: Lopes vs. Silva,"September 13, 2025","San Antonio, Texas, USA",WIN,Montse Rendon,S-DEC,S-DEC,3,5:00,Women's Bantamweight,0.0,0.0,0.0,0.0,0.0
Daniil Donchenko,Rodrigo Sezinando,1,0,39,10,1,1,0,0,UFC Fight Night: Lopes vs. Silva,"September 13, 2025","San Antonio, Texas, USA",WIN,Daniil Donchenko,KO/TKOPunches,KO/TKOPunches,1,4:27,Welterweight,1.0,0.0,0.0,0.0,0.0
Nassourdine Imavov,Caio Borralho,0,0,81,66,0,0,0,0,UFC Fight Night: Imavov vs. Borralho,"September 06, 2025","Paris, Ile-de-France, France",WIN,Nassourdine Imavov,U-DEC,U-DEC,5,5:00,Middleweight,0.0,0.0,0.0,0.0,0.0
Mauricio Ruffy,Benoit Saint Denis,0,0,5,17,0,3,0,1,UFC Fight Night: Imavov vs. Borralho,"September 06, 2025","Paris, Ile-de-France, France",WIN,Benoit Saint Denis,SUBRear,SUBRear Naked Choke,2,2:56,Lightweight,0.0,0.0,0.0,0.0,0.0
Modestas Bukauskas,Paul Craig,0,0,22,6,0,0,0,0,UFC Fight Night: Imavov vs. Borralho,"September 06, 2025","Paris, Ile-de-France, France",WIN,Modestas Bukauskas,KO/TKOElbow,KO/TKOElbow,1,5:00,Light Heavyweight,0.0,0.0,0.0,0.0,0.0
Bolaji Oki,Mason Jones,1,1,38,57,0,2,0,1,UFC Fight Night: Imavov vs. Borralho,"September 06, 2025","Paris, Ile-de-France, France",WIN,Mason Jones,KO/TKOElbows,KO/TKOElbows,2,3:18,Lightweight,0.0,0.0,0.0,0.0,0.0
Axel Sola,Rhys McKee,1,0,45,33,1,0,0,0,UFC Fight Night: Imavov vs. Borralho,"September 06, 2025","Paris, Ile-de-France, France",WIN,Axel Sola,KO/TKOPunch,KO/TKOPunch,3,2:02,Welterweight,0.0,0.0,0.0,0.0,0.0
William Gomis,Robert Ruchala,0,0,49,34,2,2,0,0,UFC Fight Night: Imavov vs. Borralho,"September 06, 2025","Paris, Ile-de-France, France",WIN,William Gomis,U-DEC,U-DEC,3,5:00,Featherweight,0.0,0.0,0.0,0.0,0.0
Oumar Sy,Brendson Ribeiro,0,0,17,5,2,0,0,0,UFC Fight Night: Imavov vs. Borralho,"September 06, 2025","Paris, Ile-de-France, France",WIN,Oumar Sy,KO/TKOPunches,KO/TKOPunches,1,4:42,Light Heavyweight,0.0,0.0,0.0,0.0,0.0
Marcin Tybura,Ante Delija,0,1,4,13,0,0,0,0,UFC Fight Night: Imavov vs. Borralho,"September 06, 2025","Paris, Ile-de-France, France",WIN,Ante Delija,KO/TKOPunches,KO/TKOPunches,1,2:03,Heavyweight,0.0,0.0,0.0,0.0,0.0
Kaue Fernandes,Harry Hardwick,1,0,24,8,0,0,0,0,UFC Fight Night: Imavov vs. Borralho,"September 06, 2025","Paris, Ile-de-France, France",WIN,Kaue Fernandes,KO/TKOKick,KO/TKOKick,1,3:21,Lightweight,0.0,0.0,0.0,0.0,0.0
Trey Waters,Sam Patterson,0,0,18,25,0,0,0,0,UFC Fight Night: Imavov vs. Borralho,"September 06, 2025","Paris, Ile-de-France, France",WIN,Sam Patterson,KO/TKOPunches,KO/TKOPunches,1,3:01,Welterweight,0.0,0.0,0.0,0.0,0.0
Brad Tavares,Robert Bryczek,0,1,42,68,1,1,0,0,UFC Fight Night: Imavov vs. Borralho,"September 06, 2025","Paris, Ile-de-France, France",WIN,Robert Bryczek,KO/TKOPunches,KO/TKOPunches,3,1:43,Middleweight,0.0,0.0,0.0,0.0,0.0
Andreas Gustafsson,Rinat Fakhretdinov,0,0,5,23,0,0,0,0,UFC Fight Night: Imavov vs. Borralho,"September 06, 2025","Paris, Ile-de-France, France",WIN,Rinat Fakhretdinov,KO/TKOPunches,KO/TKOPunches,1,0:54,Welterweight,0.0,0.0,0.0,0.0,0.0
Sam Hughes,Shauna Bannon,0,0,21,13,2,0,1,0,UFC Fight Night: Imavov vs. Borralho,"September 06, 2025","Paris, Ile-de-France, France",WIN,Sam Hughes,SUBRear,SUBRear Naked Choke,2,1:58,Women's Strawweight,0.0,0.0,0.0,0.0,0.0
Johnny Walker,Zhang Mingyang,1,0,50,20,0,0,0,0,UFC Fight Night: Walker vs. Zhang,"August 23, 2025","Shanghai, Hebei, China",WIN,Johnny Walker,KO/TKOPunches,KO/TKOPunches,2,2:37,Light Heavyweight,0.0,0.0,1.0,0.0,0.0
Aljamain Sterling,Brian Ortega,0,0,124,55,3,0,0,0,UFC Fight Night: Walker vs. Zhang,"August 23, 2025","Shanghai, Hebei, China",WIN,Aljamain Sterling,U-DEC,U-DEC,5,5:00,Catch Weight,0.0,0.0,0.0,0.0,0.0
Sergei Pavlovich,Waldo Cortes-Acosta,0,0,61,45,0,0,0,0,UFC Fight Night: Walker vs. Zhang,"August 23, 2025","Shanghai, Hebei, China",WIN,Sergei Pavlovich,U-DEC,U-DEC,3,5:00,Heavyweight,0.0,0.0,0.0,0.0,0.0
Sumudaerji,Kevin Borjas,0,0,73,16,0,0,0,0,UFC Fight Night: Walker vs. Zhang,"August 23, 2025","Shanghai, Hebei, China",WIN,Sumudaerji,U-DEC,U-DEC,3,5:00,Flyweight,0.0,0.0,0.0,0.0,0.0
Taiyilake Nueraji,Kiefer Crosbie,0,0,27,2,1,0,0,0,UFC Fight Night: Walker vs. Zhang,"August 23, 2025","Shanghai, Hebei, China",WIN,Taiyilake Nueraji,KO/TKOElbows,KO/TKOElbows,1,3:33,Welterweight,0.0,0.0,0.0,0.0,0.0
Gauge Young,Maheshate,0,0,112,66,3,0,0,0,UFC Fight Night: Walker vs. Zhang,"August 23, 2025","Shanghai, Hebei, China",WIN,Gauge Young,U-DEC,U-DEC,3,5:00,Lightweight,0.0,0.0,0.0,0.0,0.0
Charles Johnson,Lone'er Kavanagh,1,0,44,59,1,1,0,1,UFC Fight Night: Walker vs. Zhang,"August 23, 2025","Shanghai, Hebei, China",WIN,Charles Johnson,KO/TKOPunch,KO/TKOPunch,2,4:35,Flyweight,0.0,0.0,1.0,0.0,0.0
Rongzhu,Austin Hubbard,0,0,101,75,0,2,0,0,UFC Fight Night: Walker vs. Zhang,"August 23, 2025","Shanghai, Hebei, China",WIN,Rongzhu,U-DEC,U-DEC,3,5:00,Lightweight,0.0,0.0,0.0,0.0,0.0
Michel Pereira,Kyle Daukaus,0,1,2,5,0,0,0,0,UFC Fight Night: Walker vs. Zhang,"August 23, 2025","Shanghai, Hebei, China",WIN,Kyle Daukaus,KO/TKOElbows,KO/TKOElbows,1,0:43,Middleweight,0.0,0.0,1.0,0.0,0.0
Westin Wilson,Yizha,0,2,0,13,0,0,0,0,UFC Fight Night: Walker vs. Zhang,"August 23, 2025","Shanghai, Hebei, China",WIN,Yizha,KO/TKOPunches,KO/TKOPunches,1,0:37,Featherweight,0.0,0.0,0.0,0.0,0.0
SuYoung You,Xiao Long,0,0,58,68,0,0,0,0,UFC Fight Night: Walker vs. Zhang,"August 23, 2025","Shanghai, Hebei, China",WIN,SuYoung You,U-DEC,U-DEC,3,5:00,Bantamweight,0.0,0.0,0.0,0.0,0.0
Diyar Nurgozhay,Uran Satybaldiev,0,1,7,2,1,0,0,2,UFC Fight Night: Walker vs. Zhang,"August 23, 2025","Shanghai, Hebei, China",WIN,Uran Satybaldiev,SUBEzekiel,SUBEzekiel Choke,1,2:45,Light Heavyweight,0.0,0.0,1.0,0.0,0.0
Dricus Du Plessis,Khamzat Chimaev,0,0,13,37,1,12,1,0,UFC 319: Du Plessis vs. Chimaev,"August 16, 2025","Chicago, Illinois, USA",WIN,Khamzat Chimaev,U-DEC,U-DEC,5,5:00,Middleweight,1.0,0.0,1.0,0.0,0.0
Lerone Murphy,Aaron Pico,1,0,8,13,0,2,1,0,UFC 319: Du Plessis vs. Chimaev,"August 16, 2025","Chicago, Illinois, USA",WIN,Lerone Murphy,KO/TKOSpinning,KO/TKOSpinning Back Elbow,1,3:21,Featherweight,0.0,0.0,1.0,0.0,0.0
Carlos Prates,Geoff Neal,1,0,32,25,0,0,0,0,UFC 319: Du Plessis vs. Chimaev,"August 16, 2025","Chicago, Illinois, USA",WIN,Carlos Prates,KO/TKOSpinning,KO/TKOSpinning Back Elbow,1,4:59,Welterweight,0.0,0.0,1.0,0.0,0.0
Jared Cannonier,Michael Page,0,0,20,29,2,0,0,0,UFC 319: Du Plessis vs. Chimaev,"August 16, 2025","Chicago, Illinois, USA",WIN,Michael Page,U-DEC,U-DEC,3,5:00,Middleweight,0.0,0.0,0.0,0.0,0.0
Tim Elliott,Kai Asakura,0,0,27,21,2,0,2,0,UFC 319: Du Plessis vs. Chimaev,"August 16, 2025","Chicago, Illinois, USA",WIN,Tim Elliott,SUBGuillotine,SUBGuillotine Choke,2,4:39,Flyweight,0.0,0.0,1.0,0.0,0.0
Baisangur Susurkaev,Eric Nolan,0,0,36,22,2,0,1,0,UFC 319: Du Plessis vs. Chimaev,"August 16, 2025","Chicago, Illinois, USA",WIN,Baisangur Susurkaev,SUBRear,SUBRear Naked Choke,2,2:01,Middleweight,0.0,0.0,0.0,0.0,0.0
Gerald Meerschaert,Michal Oleksiejczuk,0,1,3,23,0,0,0,0,UFC 319: Du Plessis vs. Chimaev,"August 16, 2025","Chicago, Illinois, USA",WIN,Michal Oleksiejczuk,KO/TKOPunches,KO/TKOPunches,1,3:03,Middleweight,0.0,0.0,0.0,0.0,0.0
Jessica Andrade,Loopy Godinez,0,0,90,107,0,1,0,0,UFC 319: Du Plessis vs. Chimaev,"August 16, 2025","Chicago, Illinois, USA",WIN,Loopy Godinez,U-DEC,U-DEC,3,5:00,Women's Strawweight,0.0,0.0,0.0,0.0,0.0
Alexander Hernandez,Chase Hooper,1,0,17,20,0,0,0,0,UFC 319: Du Plessis vs. Chimaev,"August 16, 2025","Chicago, Illinois, USA",WIN,Alexander Hernandez,KO/TKOPunch,KO/TKOPunch,1,4:58,Lightweight,0.0,0.0,0.0,0.0,0.0
Drakkar Klose,Edson Barboza,0,0,53,71,0,0,0,0,UFC 319: Du Plessis vs. Chimaev,"August 16, 2025","Chicago, Illinois, USA",WIN,Drakkar Klose,U-DEC,U-DEC,3,5:00,Lightweight,0.0,0.0,0.0,0.0,0.0
Karine Silva,Dione Barbosa,0,0,26,31,1,3,2,1,UFC 319: Du Plessis vs. Chimaev,"August 16, 2025","Chicago, Illinois, USA",WIN,Karine Silva,U-DEC,U-DEC,3,5:00,Women's Flyweight,0.0,0.0,0.0,0.0,0.0
Alibi Idiris,Joseph Morales,0,0,28,29,0,2,0,2,UFC 319: Du Plessis vs. Chimaev,"August 16, 2025","Chicago, Illinois, USA",WIN,Joseph Morales,SUBTriangle,SUBTriangle Choke,2,3:04,Flyweight,1.0,0.0,0.0,0.0,0.0
Anthony Hernandez,Roman Dolidze,0,0,91,36,9,0,1,0,UFC Fight Night: Dolidze vs. Hernandez,"August 09, 2025","Las Vegas, Nevada, USA",WIN,Anthony Hernandez,SUBRear,SUBRear Naked Choke,4,2:45,Middleweight,0.0,0.0,1.0,0.0,0.0
Steve Erceg,Ode Osbourne,0,0,20,35,3,1,1,0,UFC Fight Night: Dolidze vs. Hernandez,"August 09, 2025","Las Vegas, Nevada, USA",WIN,Steve Erceg,U-DEC,U-DEC,3,5:00,Bantamweight,0.0,0.0,0.0,0.0,0.0
Angela Hill,Iasmin Lucindo,0,0,64,72,0,3,1,0,UFC Fight Night: Dolidze vs. Hernandez,"August 09, 2025","Las Vegas, Nevada, USA",WIN,Iasmin Lucindo,U-DEC,U-DEC,3,5:00,Women's Strawweight,0.0,0.0,0.0,0.0,0.0
Andre Fili,Christian Rodriguez,0,0,64,83,3,1,0,0,UFC Fight Night: Dolidze vs. Hernandez,"August 09, 2025","Las Vegas, Nevada, USA",WIN,Andre Fili,S-DEC,S-DEC,3,5:00,Featherweight,0.0,0.0,0.0,0.0,0.0
Miles Johns,Jean Matsumoto,0,0,83,95,5,0,0,2,UFC Fight Night: Dolidze vs. Hernandez,"August 09, 2025","Las Vegas, Nevada, USA",WIN,Jean Matsumoto,S-DEC,S-DEC,3,5:00,Bantamweight,0.0,0.0,0.0,0.0,0.0
Christian Leroy Duncan,Eryk Anders,1,0,24,7,0,1,0,0,UFC Fight Night: Dolidze vs. Hernandez,"August 09, 2025","Las Vegas, Nevada, USA",WIN,Christian Leroy Duncan,KO/TKOPunches,KO/TKOPunches,1,3:53,Middleweight,0.0,0.0,1.0,0.0,0.0
Julius Walker,Rafael Cerqueira,1,0,44,19,6,0,0,0,UFC Fight Night: Dolidze vs. Hernandez,"August 09, 2025","Las Vegas, Nevada, USA",WIN,Julius Walker,U-DEC,U-DEC,3,5:00,Light Heavyweight,0.0,0.0,0.0,0.0,0.0
Toshiomi Kazama,Elijah Smith,0,0,0,37,1,0,1,0,UFC Fight Night: Dolidze vs. Hernandez,"August 09, 2025","Las Vegas, Nevada, USA",WIN,Elijah Smith,KO/TKOSlam,KO/TKOSlam,1,4:10,Bantamweight,0.0,0.0,1.0,0.0,0.0
Joselyne Edwards,Priscila Cachoeira,1,0,26,18,0,0,0,0,UFC Fight Night: Dolidze vs. Hernandez,"August 09, 2025","Las Vegas, Nevada, USA",WIN,Joselyne Edwards,KO/TKOPunch,KO/TKOPunch,1,2:24,Women's Bantamweight,0.0,0.0,1.0,0.0,0.0
Uros Medic,Gilbert Urbina,1,1,5,5,0,0,0,0,UFC Fight Night: Dolidze vs. Hernandez,"August 09, 2025","Las Vegas, Nevada, USA",WIN,Uros Medic,KO/TKOPunch,KO/TKOPunch,1,1:03,Welterweight,0.0,0.0,0.0,0.0,0.0
Julija Stoliarenko,Gabriella Fernandes,0,0,61,59,0,0,0,0,UFC Fight Night: Dolidze vs. Hernandez,"August 09, 2025","Las Vegas, Nevada, USA",WIN,Gabriella Fernandes,U-DEC,U-DEC,3,5:00,Women's Flyweight,0.0,0.0,0.0,0.0,0.0
Eric McConico,Cody Brundage,0,0,26,31,0,3,0,0,UFC Fight Night: Dolidze vs. Hernandez,"August 09, 2025","Las Vegas, Nevada, USA",WIN,Eric McConico,S-DEC,S-DEC,3,5:00,Light Heavyweight,0.0,0.0,0.0,0.0,0.0
Tatsuro Taira,HyunSung Park,1,0,7,3,4,0,1,0,UFC Fight Night: Taira vs. Park,"August 02, 2025","Las Vegas, Nevada, USA",WIN,Tatsuro Taira,SUBNeck,SUBNeck Crank,2,1:06,Flyweight,0.0,0.0,0.0,0.0,0.0
Mateusz Rebecki,Chris Duncan,0,0,114,92,2,0,0,0,UFC Fight Night: Taira vs. Park,"August 02, 2025","Las Vegas, Nevada, USA",WIN,Chris Duncan,U-DEC,U-DEC,3,5:00,Lightweight,0.0,1.0,0.0,0.0,0.0
Elves Brener,Esteban Ribovics,0,0,118,122,0,0,0,0,UFC Fight Night: Taira vs. Park,"August 02, 2025","Las Vegas, Nevada, USA",WIN,Esteban Ribovics,U-DEC,U-DEC,3,5:00,Lightweight,0.0,1.0,0.0,0.0,0.0
Nora Cornolle,Karol Rosa,0,0,27,33,0,2,0,2,UFC Fight Night: Taira vs. Park,"August 02, 2025","Las Vegas, Nevada, USA",WIN,Karol Rosa,U-DEC,U-DEC,3,5:00,Women's Bantamweight,0.0,0.0,0.0,0.0,0.0
Neil Magny,Elizeu Zaleski dos Santos,0,0,42,20,2,1,0,0,UFC Fight Night: Taira vs. Park,"August 02, 2025","Las Vegas, Nevada, USA",WIN,Neil Magny,KO/TKOPunches,KO/TKOPunches,2,4:39,Welterweight,0.0,0.0,0.0,0.0,0.0
Danny Silva,Kevin Vallejos,0,0,69,90,1,2,0,0,UFC Fight Night: Taira vs. Park,"August 02, 2025","Las Vegas, Nevada, USA",WIN,Kevin Vallejos,U-DEC,U-DEC,3,5:00,Featherweight,0.0,0.0,0.0,0.0,0.0
Rinya Nakamura,Nathan Fletcher,1,0,12,3,0,0,0,0,UFC Fight Night: Taira vs. Park,"August 02, 2025","Las Vegas, Nevada, USA",WIN,Rinya Nakamura,KO/TKOKick,KO/TKOKick,1,1:02,Bantamweight,0.0,0.0,0.0,0.0,0.0
Rodolfo Vieira,Tresean Gore,0,0,89,41,1,0,0,0,UFC Fight Night: Taira vs. Park,"August 02, 2025","Las Vegas, Nevada, USA",WIN,Rodolfo Vieira,U-DEC,U-DEC,3,5:00,Middleweight,0.0,0.0,0.0,0.0,0.0
Andrey Pulyaev,Nick Klein,1,0,23,10,0,4,0,1,UFC Fight Night: Taira vs. Park,"August 02, 2025","Las Vegas, Nevada, USA",WIN,Andrey Pulyaev,KO/TKOKick,KO/TKOKick,2,1:31,Middleweight,0.0,0.0,0.0,0.0,0.0
John Yannis,Austin Bashi,0,0,0,2,0,1,0,1,UFC Fight Night: Taira vs. Park,"August 02, 2025","Las Vegas, Nevada, USA",WIN,Austin Bashi,SUBRear,SUBRear Naked Choke,1,3:39,Featherweight,0.0,0.0,0.0,0.0,0.0
Rafael Estevam,Felipe Bunes,0,0,33,26,5,0,0,2,UFC Fight Night: Taira vs. Park,"August 02, 2025","Las Vegas, Nevada, USA",WIN,Rafael Estevam,U-DEC,U-DEC,3,5:00,Flyweight,0.0,0.0,0.0,0.0,0.0
Ketlen Souza,Piera Rodriguez,0,0,56,64,0,7,0,0,UFC Fight Night: Taira vs. Park,"August 02, 2025","Las Vegas, Nevada, USA",WIN,Piera Rodriguez,S-DEC,S-DEC,3,5:00,Women's Strawweight,0.0,0.0,0.0,0.0,0.0
Reinier de Ridder,Robert Whittaker,0,1,67,66,2,0,0,0,UFC Fight Night: Whittaker vs. De Ridder,"July 26, 2025","Abu Dhabi, Abu Dhabi, United Arab Emirates",WIN,Reinier de Ridder,S-DEC,S-DEC,5,5:00,Middleweight,0.0,0.0,0.0,0.0,0.0
Marcus McGhee,Petr Yan,0,0,64,81,0,1,0,0,UFC Fight Night: Whittaker vs. De Ridder,"July 26, 2025","Abu Dhabi, Abu Dhabi, United Arab Emirates",WIN,Petr Yan,U-DEC,U-DEC,3,5:00,Bantamweight,0.0,0.0,0.0,0.0,0.0
Shara Magomedov,Marc-Andre Barriault,0,0,93,39,0,2,0,0,UFC Fight Night: Whittaker vs. De Ridder,"July 26, 2025","Abu Dhabi, Abu Dhabi, United Arab Emirates",WIN,Shara Magomedov,U-DEC,U-DEC,3,5:00,Middleweight,0.0,1.0,0.0,0.0,0.0
Asu Almabayev,Jose Ochoa,0,0,22,26,7,1,2,2,UFC Fight Night: Whittaker vs. De Ridder,"July 26, 2025","Abu Dhabi, Abu Dhabi, United Arab Emirates",WIN,Asu Almabayev,U-DEC,U-DEC,3,5:00,Flyweight,0.0,0.0,0.0,0.0,0.0
Nikita Krylov,Bogdan Guskov,0,1,16,23,0,0,0,0,UFC Fight Night: Whittaker vs. De Ridder,"July 26, 2025","Abu Dhabi, Abu Dhabi, United Arab Emirates",WIN,Bogdan Guskov,KO/TKOPunches,KO/TKOPunches,1,4:18,Light Heavyweight,0.0,0.0,0.0,0.0,0.0
Bryce Mitchell,Said Nurmagomedov,0,1,13,20,3,0,0,1,UFC Fight Night: Whittaker vs. De Ridder,"July 26, 2025","Abu Dhabi, Abu Dhabi, United Arab Emirates",WIN,Bryce Mitchell,U-DEC,U-DEC,3,5:00,Bantamweight,0.0,0.0,0.0,0.0,0.0
Carlos Leal,Muslim Salikhov,0,1,5,3,0,0,0,0,UFC Fight Night: Whittaker vs. De Ridder,"July 26, 2025","Abu Dhabi, Abu Dhabi, United Arab Emirates",WIN,Muslim Salikhov,KO/TKOPunch,KO/TKOPunch,1,0:42,Welterweight,0.0,0.0,1.0,0.0,0.0
Da'Mon Blackshear,Davey Grant,0,0,33,66,1,0,1,0,UFC Fight Night: Whittaker vs. De Ridder,"July 26, 2025","Abu Dhabi, Abu Dhabi, United Arab Emirates",WIN,Davey Grant,U-DEC,U-DEC,3,5:00,Bantamweight,0.0,0.0,0.0,0.0,0.0
Tabatha Ricci,Amanda Ribas,0,0,34,30,1,1,0,0,UFC Fight Night: Whittaker vs. De Ridder,"July 26, 2025","Abu Dhabi, Abu Dhabi, United Arab Emirates",WIN,Tabatha Ricci,KO/TKOElbow,KO/TKOElbow,2,2:59,Women's Strawweight,0.0,0.0,0.0,0.0,0.0
Ibo Aslan,Billy Elekana,0,0,28,35,0,0,0,0,UFC Fight Night: Whittaker vs. De Ridder,"July 26, 2025","Abu Dhabi, Abu Dhabi, United Arab Emirates",WIN,Billy Elekana,U-DEC,U-DEC,3,5:00,Light Heavyweight,0.0,0.0,0.0,0.0,0.0
Steven Nguyen,Mohammad Yahya,6,0,92,57,0,0,0,0,UFC Fight Night: Whittaker vs. De Ridder,"July 26, 2025","Abu Dhabi, Abu Dhabi, United Arab Emirates",WIN,Steven Nguyen,KO/TKO,KO/TKO,2,5:00,Featherweight,0.0,0.0,1.0,0.0,0.0
Marcus Buchecha,Martin Buday,0,0,24,41,1,0,0,0,UFC Fight Night: Whittaker vs. De Ridder,"July 26, 2025","Abu Dhabi, Abu Dhabi, United Arab Emirates",WIN,Martin Buday,U-DEC,U-DEC,3,5:00,Heavyweight,0.0,0.0,0.0,0.0,0.0
Max Holloway,Dustin Poirier,1,1,198,109,0,0,0,1,UFC 318: Holloway vs. Poirier 3,"July 19, 2025","New Orleans, Louisiana, USA",WIN,Max Holloway,U-DEC,U-DEC,5,5:00,Lightweight,0.0,0.0,0.0,0.0,0.0
Roman Kopylov,Paulo Costa,0,1,48,99,0,0,0,0,UFC 318: Holloway vs. Poirier 3,"July 19, 2025","New Orleans, Louisiana, USA",WIN,Paulo Costa,U-DEC,U-DEC,3,5:00,Middleweight,0.0,0.0,0.0,0.0,0.0
Daniel Rodriguez,Kevin Holland,2,1,77,82,0,1,0,0,UFC 318: Holloway vs. Poirier 3,"July 19, 2025","New Orleans, Louisiana, USA",WIN,Daniel Rodriguez,U-DEC,U-DEC,3,5:00,Welterweight,0.0,0.0,0.0,0.0,0.0
Dan Ige,Patricio Freire,0,0,47,55,0,5,0,0,UFC 318: Holloway vs. Poirier 3,"July 19, 2025","New Orleans, Louisiana, USA",WIN,Patricio Freire,U-DEC,U-DEC,3,5:00,Featherweight,0.0,0.0,0.0,0.0,0.0
Michael Johnson,Daniel Zellhuber,1,0,80,52,0,0,0,0,UFC 318: Holloway vs. Poirier 3,"July 19, 2025","New Orleans, Louisiana, USA",WIN,Michael Johnson,U-DEC,U-DEC,3,5:00,Lightweight,0.0,0.0,0.0,0.0,0.0
Kyler Phillips,Vinicius Oliveira,0,1,49,96,0,1,0,0,UFC 318: Holloway vs. Poirier 3,"July 19, 2025","New Orleans, Louisiana, USA",WIN,Vinicius Oliveira,U-DEC,U-DEC,3,5:00,Bantamweight,0.0,0.0,0.0,0.0,0.0
Brendan Allen,Marvin Vettori,0,0,111,109,3,0,0,0,UFC 318: Holloway vs. Poirier 3,"July 19, 2025","New Orleans, Louisiana, USA",WIN,Brendan Allen,U-DEC,U-DEC,3,5:00,Middleweight,0.0,1.0,0.0,0.0,0.0
Francisco Prado,Nikolay Veretennikov,0,0,47,56,3,2,1,0,UFC 318: Holloway vs. Poirier 3,"July 19, 2025","New Orleans, Louisiana, USA",WIN,Nikolay Veretennikov,S-DEC,S-DEC,3,5:00,Welterweight,0.0,0.0,0.0,0.0,0.0
Robert Valentin,Ateba Gautier,0,1,2,19,0,0,0,0,UFC 318: Holloway vs. Poirier 3,"July 19, 2025","New Orleans, Louisiana, USA",WIN,Ateba Gautier,KO/TKOPunch,KO/TKOPunch,1,1:10,Middleweight,0.0,0.0,1.0,0.0,0.0
Adam Fugitt,Islam Dulatov,0,1,14,21,0,0,0,0,UFC 318: Holloway vs. Poirier 3,"July 19, 2025","New Orleans, Louisiana, USA",WIN,Islam Dulatov,KO/TKOPunch,KO/TKOPunch,1,4:06,Welterweight,0.0,0.0,1.0,0.0,0.0
Marcin Prachnio,Jimmy Crute,0,0,21,5,0,3,0,2,UFC 318: Holloway vs. Poirier 3,"July 19, 2025","New Orleans, Louisiana, USA",WIN,Jimmy Crute,SUBArmbar,SUBArmbar,1,4:42,Light Heavyweight,0.0,0.0,0.0,0.0,0.0
Lukasz Brzeski,Ryan Spann,0,0,5,8,0,1,0,2,UFC 318: Holloway vs. Poirier 3,"July 19, 2025","New Orleans, Louisiana, USA",WIN,Ryan Spann,SUBGuillotine,SUBGuillotine Choke,1,2:47,Heavyweight,0.0,0.0,0.0,0.0,0.0
Jackson McVey,Brunno Ferreira,0,0,4,7,0,1,0,1,UFC 318: Holloway vs. Poirier 3,"July 19, 2025","New Orleans, Louisiana, USA",WIN,Brunno Ferreira,SUBArmbar,SUBArmbar,1,3:35,Middleweight,0.0,0.0,0.0,0.0,0.0
Carli Judice,Nicolle Caliari,1,0,109,32,0,1,0,0,UFC 318: Holloway vs. Poirier 3,"July 19, 2025","New Orleans, Louisiana, USA",WIN,Carli Judice,KO/TKOKnee,KO/TKOKnee,3,1:30,Women's Flyweight,0.0,0.0,1.0,0.0,0.0
Derrick Lewis,Tallison Teixeira,1,0,9,3,0,0,0,0,UFC Fight Night: Lewis vs. Teixeira,"July 12, 2025","Nashville, Tennessee, USA",WIN,Derrick Lewis,KO/TKOPunches,KO/TKOPunches,1,0:35,Heavyweight,0.0,0.0,0.0,0.0,0.0
Stephen Thompson,Gabriel Bonfim,0,0,42,40,0,5,0,0,UFC Fight Night: Lewis vs. Teixeira,"July 12, 2025","Nashville, Tennessee, USA",WIN,Gabriel Bonfim,S-DEC,S-DEC,3,5:00,Welterweight,0.0,0.0,0.0,0.0,0.0
Steve Garcia,Calvin Kattar,1,0,85,26,0,0,0,0,UFC Fight Night: Lewis vs. Teixeira,"July 12, 2025","Nashville, Tennessee, USA",WIN,Steve Garcia,U-DEC,U-DEC,3,5:00,Featherweight,0.0,0.0,0.0,0.0,0.0
Morgan Charriere,Nate Landwehr,1,0,67,63,2,0,0,0,UFC Fight Night: Lewis vs. Teixeira,"July 12, 2025","Nashville, Tennessee, USA",WIN,Morgan Charriere,KO/TKOPunch,KO/TKOPunch,3,0:27,Featherweight,0.0,1.0,0.0,0.0,0.0
Vitor Petrino,Austen Lane,0,0,3,3,1,0,2,0,UFC Fight Night: Lewis vs. Teixeira,"July 12, 2025","Nashville, Tennessee, USA",WIN,Vitor Petrino,SUBRear,SUBRear Naked Choke,1,4:16,Heavyweight,0.0,0.0,0.0,0.0,0.0
Tuco Tokkos,Junior Tafa,0,0,11,24,5,0,1,0,UFC Fight Night: Lewis vs. Teixeira,"July 12, 2025","Nashville, Tennessee, USA",WIN,Tuco Tokkos,SUBArm,SUBArm Triangle,2,4:25,Light Heavyweight,0.0,0.0,0.0,0.0,0.0
Chris Curtis,Max Griffin,0,0,64,59,0,0,0,0,UFC Fight Night: Lewis vs. Teixeira,"July 12, 2025","Nashville, Tennessee, USA",WIN,Chris Curtis,S-DEC,S-DEC,3,5:00,Welterweight,0.0,0.0,0.0,0.0,0.0
Chidi Njokuani,Jake Matthews,0,0,5,3,0,1,0,1,UFC Fight Night: Lewis vs. Teixeira,"July 12, 2025","Nashville, Tennessee, USA",WIN,Jake Matthews,SUBRear,SUBRear Naked Choke,1,1:09,Welterweight,0.0,0.0,0.0,0.0,0.0
Lauren Murphy,Eduarda Moura,0,0,38,64,2,2,2,0,UFC Fight Night: Lewis vs. Teixeira,"July 12, 2025","Nashville, Tennessee, USA",WIN,Eduarda Moura,U-DEC,U-DEC,3,5:00,Women's Flyweight,0.0,0.0,0.0,0.0,0.0
Valter Walker,Kennedy Nzechukwu,0,0,4,0,1,0,1,0,UFC Fight Night: Lewis vs. Teixeira,"July 12, 2025","Nashville, Tennessee, USA",WIN,Valter Walker,SUBHeel,SUBHeel Hook,1,0:54,Heavyweight,0.0,0.0,1.0,0.0,0.0
Mike Davis,Mitch Ramirez,1,0,47,51,1,0,2,0,UFC Fight Night: Lewis vs. Teixeira,"July 12, 2025","Nashville, Tennessee, USA",WIN,Mike Davis,KO/TKOPunches,KO/TKOPunches,2,4:08,Lightweight,0.0,0.0,0.0,0.0,0.0
Fatima Kline,Melissa Martinez,1,0,92,44,0,0,0,0,UFC Fight Night: Lewis vs. Teixeira,"July 12, 2025","Nashville, Tennessee, USA",WIN,Fatima Kline,KO/TKOKick,KO/TKOKick,3,2:36,Women's Strawweight,0.0,0.0,1.0,0.0,0.0
Charles Oliveira,Ilia Topuria,0,1,9,21,0,0,0,0,UFC 317: Topuria vs. Oliveira,"June 28, 2025","Las Vegas, Nevada, USA",WIN,Ilia Topuria,KO/TKOPunch,KO/TKOPunch,1,2:27,Lightweight,1.0,0.0,1.0,0.0,0.0
Alexandre Pantoja,Kai Kara-France,0,0,42,38,3,0,2,0,UFC 317: Topuria vs. Oliveira,"June 28, 2025","Las Vegas, Nevada, USA",WIN,Alexandre Pantoja,SUBRear,SUBRear Naked Choke,3,1:55,Flyweight,1.0,0.0,0.0,0.0,0.0
Joshua Van,Brandon Royval,1,0,204,215,0,0,0,0,UFC 317: Topuria vs. Oliveira,"June 28, 2025","Las Vegas, Nevada, USA",WIN,Joshua Van,U-DEC,U-DEC,3,5:00,Flyweight,0.0,1.0,0.0,0.0,0.0
Renato Moicano,Beneil Dariush,1,0,31,56,0,5,0,0,UFC 317: Topuria vs. Oliveira,"June 28, 2025","Las Vegas, Nevada, USA",WIN,Beneil Dariush,U-DEC,U-DEC,3,5:00,Lightweight,0.0,0.0,0.0,0.0,0.0
Payton Talbott,Felipe Lima,0,0,59,26,0,3,0,0,UFC 317: Topuria vs. Oliveira,"June 28, 2025","Las Vegas, Nevada, USA",WIN,Payton Talbott,U-DEC,U-DEC,3,5:00,Bantamweight,0.0,0.0,0.0,0.0,0.0
Jack Hermansson,Gregory Rodrigues,0,1,30,18,0,0,0,0,UFC 317: Topuria vs. Oliveira,"June 28, 2025","Las Vegas, Nevada, USA",WIN,Gregory Rodrigues,KO/TKOPunch,KO/TKOPunch,1,4:21,Middleweight,0.0,0.0,1.0,0.0,0.0
Jose Delgado,Hyder Amil,1,0,9,3,0,0,0,0,UFC 317: Topuria vs. Oliveira,"June 28, 2025","Las Vegas, Nevada, USA",WIN,Jose Delgado,KO/TKOKnee,KO/TKOKnee,1,0:26,Featherweight,0.0,0.0,0.0,0.0,0.0
Tracy Cortez,Viviane Araujo,0,0,65,22,3,0,1,0,UFC 317: Topuria vs. Oliveira,"June 28, 2025","Las Vegas, Nevada, USA",WIN,Tracy Cortez,U-DEC,U-DEC,3,5:00,Women's Flyweight,0.0,0.0,0.0,0.0,0.0
Terrance McKinney,Viacheslav Borshchev,0,0,1,2,1,0,2,0,UFC 317: Topuria vs. Oliveira,"June 28, 2025","Las Vegas, Nevada, USA",WIN,Terrance McKinney,SUBGuillotine,SUBGuillotine Choke,1,0:55,Lightweight,0.0,0.0,0.0,0.0,0.0
Jacobe Smith,Niko Price,0,0,46,34,2,0,1,0,UFC 317: Topuria vs. Oliveira,"June 28, 2025","Las Vegas, Nevada, USA",WIN,Jacobe Smith,SUBRear,SUBRear Naked Choke,2,4:03,Welterweight,0.0,0.0,0.0,0.0,0.0
Alvin Hines,Jhonata Diniz,0,0,82,112,1,0,0,0,UFC 317: Topuria vs. Oliveira,"June 28, 2025","Las Vegas, Nevada, USA",WIN,Jhonata Diniz,U-DEC,U-DEC,3,5:00,Heavyweight,0.0,0.0,0.0,0.0,0.0
Khalil Rountree Jr.,Jamahal Hill,1,0,102,69,0,0,0,0,UFC Fight Night: Hill vs. Rountree Jr.,"June 21, 2025","Baku, Azerbaijan",WIN,Khalil Rountree Jr.,U-DEC,U-DEC,5,5:00,Light Heavyweight,0.0,0.0,0.0,0.0,0.0
Rafael Fiziev,Ignacio Bahamondes,0,0,62,50,4,0,0,0,UFC Fight Night: Hill vs. Rountree Jr.,"June 21, 2025","Baku, Azerbaijan",WIN,Rafael Fiziev,U-DEC,U-DEC,3,5:00,Lightweight,0.0,0.0,0.0,0.0,0.0
Rizvan Kuniev,Curtis Blaydes,0,0,45,56,0,2,0,0,UFC Fight Night: Hill vs. Rountree Jr.,"June 21, 2025","Baku, Azerbaijan",WIN,Curtis Blaydes,S-DEC,S-DEC,3,5:00,Heavyweight,0.0,0.0,0.0,0.0,0.0
Myktybek Orolbai,Tofiq Musayev,0,0,2,2,3,0,1,0,UFC Fight Night: Hill vs. Rountree Jr.,"June 21, 2025","Baku, Azerbaijan",WIN,Myktybek Orolbai,SUBKimura,SUBKimura,1,4:35,Catch Weight,0.0,0.0,0.0,0.0,0.0
Nazim Sadykhov,Nikolas Motta,1,1,93,66,0,0,0,0,UFC Fight Night: Hill vs. Rountree Jr.,"June 21, 2025","Baku, Azerbaijan",WIN,Nazim Sadykhov,KO/TKOPunches,KO/TKOPunches,2,4:17,Lightweight,0.0,1.0,1.0,0.0,0.0
Muhammad Naimov,Bogdan Grad,0,0,18,31,1,3,1,0,UFC Fight Night: Hill vs. Rountree Jr.,"June 21, 2025","Baku, Azerbaijan",WIN,Muhammad Naimov,U-DEC,U-DEC,3,5:00,Featherweight,0.0,0.0,0.0,0.0,0.0
Oban Elliott,Seokhyeon Ko,0,0,10,33,0,6,0,1,UFC Fight Night: Hill vs. Rountree Jr.,"June 21, 2025","Baku, Azerbaijan",WIN,Seokhyeon Ko,U-DEC,U-DEC,3,5:00,Welterweight,0.0,0.0,0.0,0.0,0.0
Ismail Naurdiev,JunYong Park,0,0,76,45,1,2,0,1,UFC Fight Night: Hill vs. Rountree Jr.,"June 21, 2025","Baku, Azerbaijan",WIN,JunYong Park,U-DEC,U-DEC,3,5:00,Middleweight,0.0,0.0,0.0,0.0,0.0
Melissa Mullins,Daria Zhelezniakova,0,0,64,99,3,0,0,0,UFC Fight Night: Hill vs. Rountree Jr.,"June 21, 2025","Baku, Azerbaijan",WIN,Daria Zhelezniakova,U-DEC,U-DEC,3,5:00,Women's Bantamweight,0.0,0.0,0.0,0.0,0.0
Irina Alekseeva,Klaudia Sygula,0,0,63,101,0,1,0,0,UFC Fight Night: Hill vs. Rountree Jr.,"June 21, 2025","Baku, Azerbaijan",WIN,Klaudia Sygula,U-DEC,U-DEC,3,5:00,Women's Bantamweight,0.0,0.0,0.0,0.0,0.0
Azat Maksum,Tagir Ulanbekov,0,0,62,68,3,0,0,1,UFC Fight Night: Hill vs. Rountree Jr.,"June 21, 2025","Baku, Azerbaijan",WIN,Tagir Ulanbekov,U-DEC,U-DEC,3,5:00,Flyweight,0.0,0.0,0.0,0.0,0.0
Hamdy Abdelwahab,Mohammed Usman,0,0,55,86,0,0,0,0,UFC Fight Night: Hill vs. Rountree Jr.,"June 21, 2025","Baku, Azerbaijan",WIN,Mohammed Usman,U-DEC,U-DEC,3,5:00,Heavyweight,0.0,0.0,0.0,0.0,0.0
Kamaru Usman,Joaquin Buckley,0,0,41,44,4,0,0,0,UFC Fight Night: Usman vs. Buckley,"June 14, 2025","Atlanta, Georgia, USA",WIN,Kamaru Usman,U-DEC,U-DEC,5,5:00,Welterweight,0.0,1.0,0.0,0.0,0.0
Rose Namajunas,Miranda Maverick,1,0,25,25,2,0,0,1,UFC Fight Night: Usman vs. Buckley,"June 14, 2025","Atlanta, Georgia, USA",WIN,Rose Namajunas,U-DEC,U-DEC,3,5:00,Women's Flyweight,0.0,0.0,0.0,0.0,0.0
Edmen Shahbazyan,Andre Petroski,1,0,53,34,0,2,0,0,UFC Fight Night: Usman vs. Buckley,"June 14, 2025","Atlanta, Georgia, USA",WIN,Edmen Shahbazyan,U-DEC,U-DEC,3,5:00,Middleweight,0.0,0.0,0.0,0.0,0.0
Cody Garbrandt,Raoni Barcelos,0,0,28,37,0,1,0,0,UFC Fight Night: Usman vs. Buckley,"June 14, 2025","Atlanta, Georgia, USA",WIN,Raoni Barcelos,U-DEC,U-DEC,3,5:00,Bantamweight,0.0,0.0,0.0,0.0,0.0
Cody Brundage,Mansur Abdul-Malik,0,0,30,25,0,0,0,0,UFC Fight Night: Usman vs. Buckley,"June 14, 2025","Atlanta, Georgia, USA",DRAWDRAW,Mansur Abdul-Malik,Overturned,Overturned,3,0:36,Middleweight,0.0,0.0,0.0,0.0,0.0
Oumar Sy,Alonzo Menifield,0,0,34,29,1,0,0,0,UFC Fight Night: Usman vs. Buckley,"June 14, 2025","Atlanta, Georgia, USA",WIN,Alonzo Menifield,U-DEC,U-DEC,3,5:00,Light Heavyweight,0.0,0.0,0.0,0.0,0.0
Rodolfo Bellato,Paul Craig,0,0,10,17,1,0,0,0,UFC Fight Night: Usman vs. Buckley,"June 14, 2025","Atlanta, Georgia, USA",NCNC,Paul Craig,CNC,CNC,1,4:59,Light Heavyweight,0.0,0.0,0.0,0.0,0.0
Michael Chiesa,Court McGee,0,0,72,39,0,0,0,0,UFC Fight Night: Usman vs. Buckley,"June 14, 2025","Atlanta, Georgia, USA",WIN,Michael Chiesa,U-DEC,U-DEC,3,5:00,Welterweight,0.0,0.0,0.0,0.0,0.0
Malcolm Wellmaker,Kris Moutinho,1,0,25,6,0,0,0,0,UFC Fight Night: Usman vs. Buckley,"June 14, 2025","Atlanta, Georgia, USA",WIN,Malcolm Wellmaker,KO/TKOPunch,KO/TKOPunch,1,2:37,Bantamweight,0.0,0.0,1.0,0.0,0.0
Cody Durden,Jose Ochoa,0,1,9,30,2,0,0,0,UFC Fight Night: Usman vs. Buckley,"June 14, 2025","Atlanta, Georgia, USA",WIN,Jose Ochoa,KO/TKOPunch,KO/TKOPunch,2,0:11,Flyweight,0.0,0.0,1.0,0.0,0.0
Cameron Smotherman,Ricky Simon,0,0,29,34,0,3,0,0,UFC Fight Night: Usman vs. Buckley,"June 14, 2025","Atlanta, Georgia, USA",WIN,Ricky Simon,U-DEC,U-DEC,3,5:00,Bantamweight,0.0,0.0,0.0,0.0,0.0
Phil Rowe,Ange Loosa,1,1,85,65,0,3,0,0,UFC Fight Night: Usman vs. Buckley,"June 14, 2025","Atlanta, Georgia, USA",WIN,Phil Rowe,KO/TKOPunches,KO/TKOPunches,3,4:03,Welterweight,0.0,0.0,0.0,0.0,0.0
Vanessa Demopoulos,Jamey-Lyn Horth,0,0,36,101,0,2,0,0,UFC Fight Night: Usman vs. Buckley,"June 14, 2025","Atlanta, Georgia, USA",WIN,Jamey-Lyn Horth,U-DEC,U-DEC,3,5:00,Women's Flyweight,0.0,0.0,0.0,0.0,0.0
Merab Dvalishvili,Sean O'Malley,0,0,52,31,5,0,1,0,UFC 316: Dvalishvili vs. O'Malley 2,"June 07, 2025","Newark, New Jersey, USA",WIN,Merab Dvalishvili,SUBGuillotine,SUBGuillotine Choke,3,4:42,Bantamweight,1.0,0.0,1.0,0.0,0.0
Julianna Pena,Kayla Harrison,0,0,9,30,0,2,0,1,UFC 316: Dvalishvili vs. O'Malley 2,"June 07, 2025","Newark, New Jersey, USA",WIN,Kayla Harrison,SUBKimura,SUBKimura,2,4:55,Women's Bantamweight,1.0,0.0,1.0,0.0,0.0
Kelvin Gastelum,Joe Pyfer,0,2,33,57,0,1,0,0,UFC 316: Dvalishvili vs. O'Malley 2,"June 07, 2025","Newark, New Jersey, USA",WIN,Joe Pyfer,U-DEC,U-DEC,3,5:00,Middleweight,0.0,0.0,0.0,0.0,0.0
Mario Bautista,Patchy Mix,0,0,173,122,0,0,0,0,UFC 316: Dvalishvili vs. O'Malley 2,"June 07, 2025","Newark, New Jersey, USA",WIN,Mario Bautista,U-DEC,U-DEC,3,5:00,Bantamweight,0.0,0.0,0.0,0.0,0.0
Kevin Holland,Vicente Luque,0,0,40,24,1,0,1,0,UFC 316: Dvalishvili vs. O'Malley 2,"June 07, 2025","Newark, New Jersey, USA",WIN,Kevin Holland,SUBAnaconda,SUBAnaconda Choke,2,1:03,Welterweight,0.0,0.0,1.0,0.0,0.0
Bruno Silva,Joshua Van,0,3,76,125,1,0,0,0,UFC 316: Dvalishvili vs. O'Malley 2,"June 07, 2025","Newark, New Jersey, USA",WIN,Joshua Van,KO/TKOPunches,KO/TKOPunches,3,4:01,Flyweight,0.0,0.0,0.0,0.0,0.0
Azamat Murzakanov,Brendson Ribeiro,1,0,27,8,0,0,0,0,UFC 316: Dvalishvili vs. O'Malley 2,"June 07, 2025","Newark, New Jersey, USA",WIN,Azamat Murzakanov,KO/TKOPunches,KO/TKOPunches,1,3:25,Light Heavyweight,0.0,0.0,0.0,0.0,0.0
Serghei Spivac,Waldo Cortes-Acosta,0,0,48,110,2,0,0,0,UFC 316: Dvalishvili vs. O'Malley 2,"June 07, 2025","Newark, New Jersey, USA",WIN,Waldo Cortes-Acosta,U-DEC,U-DEC,3,5:00,Heavyweight,0.0,0.0,0.0,0.0,0.0
Andreas Gustafsson,Khaos Williams,0,0,98,39,8,0,0,0,UFC 316: Dvalishvili vs. O'Malley 2,"June 07, 2025","Newark, New Jersey, USA",WIN,Andreas Gustafsson,U-DEC,U-DEC,3,5:00,Welterweight,0.0,0.0,0.0,0.0,0.0
Ariane da Silva,Wang Cong,0,1,63,143,0,0,0,0,UFC 316: Dvalishvili vs. O'Malley 2,"June 07, 2025","Newark, New Jersey, USA",WIN,Wang Cong,U-DEC,U-DEC,3,5:00,Women's Flyweight,0.0,0.0,0.0,0.0,0.0
JooSang Yoo,Jeka Saragih,1,0,6,2,0,0,0,0,UFC 316: Dvalishvili vs. O'Malley 2,"June 07, 2025","Newark, New Jersey, USA",WIN,JooSang Yoo,KO/TKOPunch,KO/TKOPunch,1,0:28,Featherweight,0.0,0.0,1.0,0.0,0.0
Quillan Salkilld,Yanal Ashmouz,0,0,79,41,8,0,0,0,UFC 316: Dvalishvili vs. O'Malley 2,"June 07, 2025","Newark, New Jersey, USA",WIN,Quillan Salkilld,U-DEC,U-DEC,3,5:00,Lightweight,0.0,0.0,0.0,0.0,0.0
MarQuel Mederos,Mark Choinski,1,0,110,58,0,2,0,0,UFC 316: Dvalishvili vs. O'Malley 2,"June 07, 2025","Newark, New Jersey, USA",WIN,MarQuel Mederos,U-DEC,U-DEC,3,5:00,Lightweight,0.0,0.0,0.0,0.0,0.0
Ludovit Klein,Mateusz Gamrot,0,0,24,65,0,6,0,0,UFC Fight Night: Blanchfield vs. Barber,"May 31, 2025","Las Vegas, Nevada, USA",WIN,Mateusz Gamrot,U-DEC,U-DEC,3,5:00,Lightweight,0.0,0.0,0.0,0.0,0.0
Ramiz Brahimaj,Billy Ray Goff,0,0,1,1,2,0,1,0,UFC Fight Night: Blanchfield vs. Barber,"May 31, 2025","Las Vegas, Nevada, USA",WIN,Ramiz Brahimaj,SUBGuillotine,SUBGuillotine Choke,1,3:16,Welterweight,0.0,0.0,1.0,0.0,0.0
Bruno Lopes,Dustin Jacoby,0,1,3,17,0,0,0,0,UFC Fight Night: Blanchfield vs. Barber,"May 31, 2025","Las Vegas, Nevada, USA",WIN,Dustin Jacoby,KO/TKOPunch,KO/TKOPunch,1,1:50,Light Heavyweight,0.0,0.0,0.0,0.0,0.0
Macy Chiasson,Ketlen Vieira,0,0,22,28,0,0,0,0,UFC Fight Night: Blanchfield vs. Barber,"May 31, 2025","Las Vegas, Nevada, USA",WIN,Ketlen Vieira,U-DEC,U-DEC,3,5:00,Women's Featherweight,0.0,0.0,0.0,0.0,0.0
Zachary Reese,Dusko Todorovic,0,0,50,35,2,4,0,1,UFC Fight Night: Blanchfield vs. Barber,"May 31, 2025","Las Vegas, Nevada, USA",WIN,Zachary Reese,U-DEC,U-DEC,3,5:00,Middleweight,0.0,0.0,0.0,0.0,0.0
Allan Nascimento,Jafel Filho,0,0,12,14,1,4,1,1,UFC Fight Night: Blanchfield vs. Barber,"May 31, 2025","Las Vegas, Nevada, USA",WIN,Allan Nascimento,U-DEC,U-DEC,3,5:00,Flyweight,0.0,0.0,0.0,0.0,0.0
Kurt Holobaugh,Jordan Leavitt,0,0,0,1,0,3,0,1,UFC Fight Night: Blanchfield vs. Barber,"May 31, 2025","Las Vegas, Nevada, USA",WIN,Jordan Leavitt,SUBAnaconda,SUBAnaconda Choke,1,1:39,Lightweight,0.0,0.0,1.0,0.0,0.0
Bolaji Oki,Michael Aswell Jr.,0,0,136,118,0,0,0,0,UFC Fight Night: Blanchfield vs. Barber,"May 31, 2025","Las Vegas, Nevada, USA",WIN,Bolaji Oki,U-DEC,U-DEC,3,5:00,Lightweight,0.0,0.0,0.0,0.0,0.0
Alice Ardelean,Rayanne dos Santos,0,0,154,78,1,1,0,0,UFC Fight Night: Blanchfield vs. Barber,"May 31, 2025","Las Vegas, Nevada, USA",WIN,Alice Ardelean,U-DEC,U-DEC,3,5:00,Women's Strawweight,0.0,1.0,0.0,0.0,0.0
Gilbert Burns,Michael Morales,0,2,5,33,1,0,0,0,UFC Fight Night: Burns vs. Morales,"May 17, 2025","Las Vegas, Nevada, USA",WIN,Michael Morales,KO/TKOPunches,KO/TKOPunches,1,3:39,Welterweight,0.0,0.0,1.0,0.0,0.0
Sodiq Yusuff,Mairon Santos,0,0,36,40,1,0,0,0,UFC Fight Night: Burns vs. Morales,"May 17, 2025","Las Vegas, Nevada, USA",WIN,Mairon Santos,U-DEC,U-DEC,3,5:00,Lightweight,0.0,0.0,0.0,0.0,0.0
Nursulton Ruziboev,Dustin Stoltzfus,0,0,35,21,1,2,0,2,UFC Fight Night: Burns vs. Morales,"May 17, 2025","Las Vegas, Nevada, USA",WIN,Nursulton Ruziboev,U-DEC,U-DEC,3,5:00,Middleweight,0.0,0.0,0.0,0.0,0.0
Melquizael Costa,Julian Erosa,0,0,102,69,2,3,1,0,UFC Fight Night: Burns vs. Morales,"May 17, 2025","Las Vegas, Nevada, USA",WIN,Melquizael Costa,U-DEC,U-DEC,3,5:00,Featherweight,0.0,1.0,0.0,0.0,0.0
Matheus Camilo,Gabe Green,0,0,13,12,2,0,1,1,UFC Fight Night: Burns vs. Morales,"May 17, 2025","Las Vegas, Nevada, USA",WIN,Gabe Green,SUBRear,SUBRear Naked Choke,2,3:43,Lightweight,0.0,0.0,0.0,0.0,0.0
Thiago Moises,Jared Gordon,0,1,5,7,0,1,0,0,UFC Fight Night: Burns vs. Morales,"May 17, 2025","Las Vegas, Nevada, USA",WIN,Jared Gordon,KO/TKOPunch,KO/TKOPunch,1,3:37,Lightweight,0.0,0.0,0.0,0.0,0.0
Yadier del Valle,Connor Matthews,0,0,9,3,1,0,1,0,UFC Fight Night: Burns vs. Morales,"May 17, 2025","Las Vegas, Nevada, USA",WIN,Yadier del Valle,SUBRear,SUBRear Naked Choke,1,2:54,Featherweight,0.0,0.0,0.0,0.0,0.0
Luana Santos,Tainara Lisboa,0,0,15,6,2,0,1,0,UFC Fight Night: Burns vs. Morales,"May 17, 2025","Las Vegas, Nevada, USA",WIN,Luana Santos,SUBKeylock,SUBKeylock,2,4:59,Women's Bantamweight,0.0,0.0,0.0,0.0,0.0
Denise Gomes,Elise Reed,1,0,28,11,3,0,0,0,UFC Fight Night: Burns vs. Morales,"May 17, 2025","Las Vegas, Nevada, USA",WIN,Denise Gomes,KO/TKOPunches,KO/TKOPunches,2,0:30,Women's Strawweight,0.0,0.0,1.0,0.0,0.0
HyunSung Park,Carlos Hernandez,0,0,14,4,1,0,1,0,UFC Fight Night: Burns vs. Morales,"May 17, 2025","Las Vegas, Nevada, USA",WIN,HyunSung Park,SUBRear,SUBRear Naked Choke,1,2:26,Flyweight,0.0,0.0,0.0,0.0,0.0
Tecia Pennington,Luana Pinheiro,0,0,63,40,0,5,0,0,UFC Fight Night: Burns vs. Morales,"May 17, 2025","Las Vegas, Nevada, USA",WIN,Tecia Pennington,U-DEC,U-DEC,3,5:00,Women's Strawweight,0.0,0.0,0.0,0.0,0.0
